INSERT INTO continents (id, label)
VALUES ('AF', 'Africa'),
       ('AN', 'Antarctica'),
       ('AS', 'Asia'),
       ('EU', 'Europe'),
       ('NA', 'North America'),
       ('OC', 'Oceania'),
       ('SA', 'South America');

INSERT INTO languages (id, name, native)
VALUES ('aa', 'Afar', 'Afar'),
       ('ab', 'Abkhazian', 'Аҧсуа'),
       ('af', 'Afrikaans', 'Afrikaans'),
       ('ak', 'Akan', 'Akana'),
       ('am', 'Amharic', 'አማርኛ'),
       ('an', 'Aragonese', 'Aragonés'),
       ('ar', 'Arabic', 'العربية'),
       ('as', 'Assamese', 'অসমীয়া'),
       ('av', 'Avar', 'Авар'),
       ('ay', 'Aymara', 'Aymar'),
       ('az', 'Azerbaijani', 'Azərbaycanca / آذربايجان'),
       ('ba', 'Bashkir', 'Башҡорт'),
       ('be', 'Belarusian', 'Беларуская'),
       ('bg', 'Bulgarian', 'Български'),
       ('bh', 'Bihari', 'भोजपुरी'),
       ('bi', 'Bislama', 'Bislama'),
       ('bm', 'Bambara', 'Bamanankan'),
       ('bn', 'Bengali', 'বাংলা'),
       ('bo', 'Tibetan', 'བོད་ཡིག / Bod skad'),
       ('br', 'Breton', 'Brezhoneg'),
       ('bs', 'Bosnian', 'Bosanski'),
       ('ca', 'Catalan', 'Català'),
       ('ce', 'Chechen', 'Нохчийн'),
       ('ch', 'Chamorro', 'Chamoru'),
       ('co', 'Corsican', 'Corsu'),
       ('cr', 'Cree', 'Nehiyaw'),
       ('cs', 'Czech', 'Česky'),
       ('cu', 'Old Church Slavonic / Old Bulgarian', 'словѣньскъ / slověnĭskŭ'),
       ('cv', 'Chuvash', 'Чăваш'),
       ('cy', 'Welsh', 'Cymraeg'),
       ('da', 'Danish', 'Dansk'),
       ('de', 'German', 'Deutsch'),
       ('dv', 'Divehi', 'ދިވެހިބަސް'),
       ('dz', 'Dzongkha', 'ཇོང་ཁ'),
       ('ee', 'Ewe', 'Ɛʋɛ'),
       ('el', 'Greek', 'Ελληνικά'),
       ('en', 'English', 'English'),
       ('eo', 'Esperanto', 'Esperanto'),
       ('es', 'Spanish', 'Español'),
       ('et', 'Estonian', 'Eesti'),
       ('eu', 'Basque', 'Euskara'),
       ('fa', 'Persian', 'فارسی'),
       ('ff', 'Peul', 'Fulfulde'),
       ('fi', 'Finnish', 'Suomi'),
       ('fj', 'Fijian', 'Na Vosa Vakaviti'),
       ('fo', 'Faroese', 'Føroyskt'),
       ('fr', 'French', 'Français'),
       ('fy', 'West Frisian', 'Frysk'),
       ('ga', 'Irish', 'Gaeilge'),
       ('gd', 'Scottish Gaelic', 'Gàidhlig'),
       ('gl', 'Galician', 'Galego'),
       ('gn', 'Guarani', 'Avañeẽ'),
       ('gu', 'Gujarati', 'ગુજરાતી'),
       ('gv', 'Manx', 'Gaelg'),
       ('ha', 'Hausa', 'هَوُسَ'),
       ('he', 'Hebrew', 'עברית'),
       ('hi', 'Hindi', 'हिन्दी'),
       ('ho', 'Hiri Motu', 'Hiri Motu'),
       ('hr', 'Croatian', 'Hrvatski'),
       ('ht', 'Haitian', 'Krèyol ayisyen'),
       ('hu', 'Hungarian', 'Magyar'),
       ('hy', 'Armenian', 'Հայերեն'),
       ('hz', 'Herero', 'Otsiherero'),
       ('ia', 'Interlingua', 'Interlingua'),
       ('id', 'Indonesian', 'Bahasa Indonesia'),
       ('ie', 'Interlingue', 'Interlingue'),
       ('ig', 'Igbo', 'Igbo'),
       ('ii', 'Sichuan Yi', 'ꆇꉙ / 四川彝语'),
       ('ik', 'Inupiak', 'Iñupiak'),
       ('io', 'Ido', 'Ido'),
       ('is', 'Icelandic', 'Íslenska'),
       ('it', 'Italian', 'Italiano'),
       ('iu', 'Inuktitut', 'ᐃᓄᒃᑎᑐᑦ'),
       ('ja', 'Japanese', '日本語'),
       ('jv', 'Javanese', 'Basa Jawa'),
       ('ka', 'Georgian', 'ქართული'),
       ('kg', 'Kongo', 'KiKongo'),
       ('ki', 'Kikuyu', 'Gĩkũyũ'),
       ('kj', 'Kuanyama', 'Kuanyama'),
       ('kk', 'Kazakh', 'Қазақша'),
       ('kl', 'Greenlandic', 'Kalaallisut'),
       ('km', 'Cambodian', 'ភាសាខ្មែរ'),
       ('kn', 'Kannada', 'ಕನ್ನಡ'),
       ('ko', 'Korean', '한국어'),
       ('kr', 'Kanuri', 'Kanuri'),
       ('ks', 'Kashmiri', 'कश्मीरी / كشميري'),
       ('ku', 'Kurdish', 'Kurdî / كوردی'),
       ('kv', 'Komi', 'Коми'),
       ('kw', 'Cornish', 'Kernewek'),
       ('ky', 'Kirghiz', 'Kırgızca / Кыргызча'),
       ('la', 'Latin', 'Latina'),
       ('lb', 'Luxembourgish', 'Lëtzebuergesch'),
       ('lg', 'Ganda', 'Luganda'),
       ('li', 'Limburgian', 'Limburgs'),
       ('ln', 'Lingala', 'Lingála'),
       ('lo', 'Laotian', 'ລາວ / Pha xa lao'),
       ('lt', 'Lithuanian', 'Lietuvių'),
       ('lu', 'Luba', 'tshiluba'),
       ('lv', 'Latvian', 'Latviešu'),
       ('mg', 'Malagasy', 'Malagasy'),
       ('mh', 'Marshallese', 'Kajin Majel / Ebon'),
       ('mi', 'Maori', 'Māori'),
       ('mk', 'Macedonian', 'Македонски'),
       ('ml', 'Malayalam', 'മലയാളം'),
       ('mn', 'Mongolian', 'Монгол'),
       ('mo', 'Moldovan', 'Moldovenească'),
       ('mr', 'Marathi', 'मराठी'),
       ('ms', 'Malay', 'Bahasa Melayu'),
       ('mt', 'Maltese', 'bil-Malti'),
       ('my', 'Burmese', 'မြန်မာစာ'),
       ('na', 'Nauruan', 'Dorerin Naoero'),
       ('nb', 'Norwegian Bokmål', 'Norsk (bokmål)'),
       ('nd', 'North Ndebele', 'Sindebele'),
       ('ne', 'Nepali', 'नेपाली'),
       ('ng', 'Ndonga', 'Oshiwambo'),
       ('nl', 'Dutch', 'Nederlands'),
       ('nn', 'Norwegian Nynorsk', 'Norsk (nynorsk)'),
       ('no', 'Norwegian', 'Norsk (bokmål / riksmål)'),
       ('nr', 'South Ndebele', 'isiNdebele'),
       ('nv', 'Navajo', 'Diné bizaad'),
       ('ny', 'Chichewa', 'Chi-Chewa'),
       ('oc', 'Occitan', 'Occitan'),
       ('oj', 'Ojibwa', 'ᐊᓂᔑᓈᐯᒧᐎᓐ / Anishinaabemowin'),
       ('om', 'Oromo', 'Oromoo'),
       ('or', 'Oriya', 'ଓଡ଼ିଆ'),
       ('os', 'Ossetian / Ossetic', 'Иронау'),
       ('pa', 'Panjabi / Punjabi', 'ਪੰਜਾਬੀ / पंजाबी / پنجابي'),
       ('pi', 'Pali', 'Pāli / पाऴि'),
       ('pl', 'Polish', 'Polski'),
       ('ps', 'Pashto', 'پښتو'),
       ('pt', 'Portuguese', 'Português'),
       ('qu', 'Quechua', 'Runa Simi'),
       ('rm', 'Raeto Romance', 'Rumantsch'),
       ('rn', 'Kirundi', 'Kirundi'),
       ('ro', 'Romanian', 'Română'),
       ('ru', 'Russian', 'Русский'),
       ('rw', 'Rwandi', 'Kinyarwandi'),
       ('sa', 'Sanskrit', 'संस्कृतम्'),
       ('sc', 'Sardinian', 'Sardu'),
       ('sd', 'Sindhi', 'सिनधि'),
       ('se', 'Northern Sami', 'Sámegiella'),
       ('sg', 'Sango', 'Sängö'),
       ('sh', 'Serbo-Croatian', 'Srpskohrvatski / Српскохрватски'),
       ('si', 'Sinhalese', 'සිංහල'),
       ('sk', 'Slovak', 'Slovenčina'),
       ('sl', 'Slovenian', 'Slovenščina'),
       ('sm', 'Samoan', 'Gagana Samoa'),
       ('sn', 'Shona', 'chiShona'),
       ('so', 'Somalia', 'Soomaaliga'),
       ('sq', 'Albanian', 'Shqip'),
       ('sr', 'Serbian', 'Српски'),
       ('ss', 'Swati', 'SiSwati'),
       ('st', 'Southern Sotho', 'Sesotho'),
       ('su', 'Sundanese', 'Basa Sunda'),
       ('sv', 'Swedish', 'Svenska'),
       ('sw', 'Swahili', 'Kiswahili'),
       ('ta', 'Tamil', 'தமிழ்'),
       ('te', 'Telugu', 'తెలుగు'),
       ('tg', 'Tajik', 'Тоҷикӣ'),
       ('th', 'Thai', 'ไทย / Phasa Thai'),
       ('ti', 'Tigrinya', 'ትግርኛ'),
       ('tk', 'Turkmen', 'Туркмен / تركمن'),
       ('tl', 'Tagalog / Filipino', 'Tagalog'),
       ('tn', 'Tswana', 'Setswana'),
       ('to', 'Tonga', 'Lea Faka-Tonga'),
       ('tr', 'Turkish', 'Türkçe'),
       ('ts', 'Tsonga', 'Xitsonga'),
       ('tt', 'Tatar', 'Tatarça'),
       ('tw', 'Twi', 'Twi'),
       ('ty', 'Tahitian', 'Reo Mā''ohi'),
       ('ug', 'Uyghur', 'Uyƣurqə / ئۇيغۇرچە'),
       ('uk', 'Ukrainian', 'Українська'),
       ('ur', 'Urdu', 'اردو'),
       ('uz', 'Uzbek', 'Ўзбек'),
       ('ve', 'Venda', 'Tshivenḓa'),
       ('vi', 'Vietnamese', 'Tiếng Việt'),
       ('vo', 'Volapük', 'Volapük'),
       ('wa', 'Walloon', 'Walon'),
       ('wo', 'Wolof', 'Wollof'),
       ('xh', 'Xhosa', 'isiXhosa'),
       ('yi', 'Yiddish', 'ייִדיש'),
       ('yo', 'Yoruba', 'Yorùbá'),
       ('za', 'Zhuang', 'Cuengh / Tôô / 壮语'),
       ('zh', 'Chinese', '中文'),
       ('zu', 'Zulu', 'isiZulu');

INSERT INTO countries (id, name, native, phone, continent, capital, currencies)
VALUES ('AD', 'Andorra', 'Andorra', '376', 'EU', 'Andorra la Vella', 'EUR'),
       ('AE', 'United Arab Emirates', 'دولة الإمارات العربية المتحدة', '971', 'AS', 'Abu Dhabi', 'AED'),
       ('AF', 'Afghanistan', 'افغانستان', '93', 'AS', 'Kabul', 'AFN'),
       ('AG', 'Antigua and Barbuda', 'Antigua and Barbuda', '1268', 'NA', 'Saint John''s', 'XCD'),
       ('AI', 'Anguilla', 'Anguilla', '1264', 'NA', 'The Valley', 'XCD'),
       ('AL', 'Albania', 'Shqipëria', '355', 'EU', 'Tirana', 'ALL'),
       ('AM', 'Armenia', 'Հայաստան', '374', 'AS', 'Yerevan', 'AMD'),
       ('AO', 'Angola', 'Angola', '244', 'AF', 'Luanda', 'AOA'),
       ('AQ', 'Antarctica', 'Antarctica', '672', 'AN', '', ''),
       ('AR', 'Argentina', 'Argentina', '54', 'SA', 'Buenos Aires', 'ARS'),
       ('AS', 'American Samoa', 'American Samoa', '1684', 'OC', 'Pago Pago', 'USD'),
       ('AT', 'Austria', 'Österreich', '43', 'EU', 'Vienna', 'EUR'),
       ('AU', 'Australia', 'Australia', '61', 'OC', 'Canberra', 'AUD'),
       ('AW', 'Aruba', 'Aruba', '297', 'NA', 'Oranjestad', 'AWG'),
       ('AX', 'Åland', 'Åland', '358', 'EU', 'Mariehamn', 'EUR'),
       ('AZ', 'Azerbaijan', 'Azərbaycan', '994', 'AS', 'Baku', 'AZN'),
       ('BA', 'Bosnia and Herzegovina', 'Bosna i Hercegovina', '387', 'EU', 'Sarajevo', 'BAM'),
       ('BB', 'Barbados', 'Barbados', '1246', 'NA', 'Bridgetown', 'BBD'),
       ('BD', 'Bangladesh', 'Bangladesh', '880', 'AS', 'Dhaka', 'BDT'),
       ('BE', 'Belgium', 'België', '32', 'EU', 'Brussels', 'EUR'),
       ('BF', 'Burkina Faso', 'Burkina Faso', '226', 'AF', 'Ouagadougou', 'XOF'),
       ('BG', 'Bulgaria', 'България', '359', 'EU', 'Sofia', 'BGN'),
       ('BH', 'Bahrain', '‏البحرين', '973', 'AS', 'Manama', 'BHD'),
       ('BI', 'Burundi', 'Burundi', '257', 'AF', 'Bujumbura', 'BIF'),
       ('BJ', 'Benin', 'Bénin', '229', 'AF', 'Porto-Novo', 'XOF'),
       ('BL', 'Saint Barthélemy', 'Saint-Barthélemy', '590', 'NA', 'Gustavia', 'EUR'),
       ('BM', 'Bermuda', 'Bermuda', '1441', 'NA', 'Hamilton', 'BMD'),
       ('BN', 'Brunei', 'Negara Brunei Darussalam', '673', 'AS', 'Bandar Seri Begawan', 'BND'),
       ('BO', 'Bolivia', 'Bolivia', '591', 'SA', 'Sucre', 'BOB,BOV'),
       ('BQ', 'Bonaire', 'Bonaire', '5997', 'NA', 'Kralendijk', 'USD'),
       ('BR', 'Brazil', 'Brasil', '55', 'SA', 'Brasília', 'BRL'),
       ('BS', 'Bahamas', 'Bahamas', '1242', 'NA', 'Nassau', 'BSD'),
       ('BT', 'Bhutan', 'ʼbrug-yul', '975', 'AS', 'Thimphu', 'BTN,INR'),
       ('BV', 'Bouvet Island', 'Bouvetøya', '47', 'AN', '', 'NOK'),
       ('BW', 'Botswana', 'Botswana', '267', 'AF', 'Gaborone', 'BWP'),
       ('BY', 'Belarus', 'Белару́сь', '375', 'EU', 'Minsk', 'BYR'),
       ('BZ', 'Belize', 'Belize', '501', 'NA', 'Belmopan', 'BZD'),
       ('CA', 'Canada', 'Canada', '1', 'NA', 'Ottawa', 'CAD'),
       ('CC', 'Cocos [Keeling] Islands', 'Cocos (Keeling) Islands', '61', 'AS', 'West Island', 'AUD'),
       ('CD', 'Democratic Republic of the Congo', 'République démocratique du Congo', '243', 'AF', 'Kinshasa', 'CDF'),
       ('CF', 'Central African Republic', 'Ködörösêse tî Bêafrîka', '236', 'AF', 'Bangui', 'XAF'),
       ('CG', 'Republic of the Congo', 'République du Congo', '242', 'AF', 'Brazzaville', 'XAF'),
       ('CH', 'Switzerland', 'Schweiz', '41', 'EU', 'Bern', 'CHE,CHF,CHW'),
       ('CI', 'Ivory Coast', 'Côte d''Ivoire', '225', 'AF', 'Yamoussoukro', 'XOF'),
       ('CK', 'Cook Islands', 'Cook Islands', '682', 'OC', 'Avarua', 'NZD'),
       ('CL', 'Chile', 'Chile', '56', 'SA', 'Santiago', 'CLF,CLP'),
       ('CM', 'Cameroon', 'Cameroon', '237', 'AF', 'Yaoundé', 'XAF'),
       ('CN', 'China', '中国', '86', 'AS', 'Beijing', 'CNY'),
       ('CO', 'Colombia', 'Colombia', '57', 'SA', 'Bogotá', 'COP'),
       ('CR', 'Costa Rica', 'Costa Rica', '506', 'NA', 'San José', 'CRC'),
       ('CU', 'Cuba', 'Cuba', '53', 'NA', 'Havana', 'CUC,CUP'),
       ('CV', 'Cape Verde', 'Cabo Verde', '238', 'AF', 'Praia', 'CVE'),
       ('CW', 'Curacao', 'Curaçao', '5999', 'NA', 'Willemstad', 'ANG'),
       ('CX', 'Christmas Island', 'Christmas Island', '61', 'AS', 'Flying Fish Cove', 'AUD'),
       ('CY', 'Cyprus', 'Κύπρος', '357', 'EU', 'Nicosia', 'EUR'),
       ('CZ', 'Czech Republic', 'Česká republika', '420', 'EU', 'Prague', 'CZK'),
       ('DE', 'Germany', 'Deutschland', '49', 'EU', 'Berlin', 'EUR'),
       ('DJ', 'Djibouti', 'Djibouti', '253', 'AF', 'Djibouti', 'DJF'),
       ('DK', 'Denmark', 'Danmark', '45', 'EU', 'Copenhagen', 'DKK'),
       ('DM', 'Dominica', 'Dominica', '1767', 'NA', 'Roseau', 'XCD'),
       ('DO', 'Dominican Republic', 'República Dominicana', '1809,1829,1849', 'NA', 'Santo Domingo', 'DOP'),
       ('DZ', 'Algeria', 'الجزائر', '213', 'AF', 'Algiers', 'DZD'),
       ('EC', 'Ecuador', 'Ecuador', '593', 'SA', 'Quito', 'USD'),
       ('EE', 'Estonia', 'Eesti', '372', 'EU', 'Tallinn', 'EUR'),
       ('EG', 'Egypt', 'مصر‎', '20', 'AF', 'Cairo', 'EGP'),
       ('EH', 'Western Sahara', 'الصحراء الغربية', '212', 'AF', 'El Aaiún', 'MAD,DZD,MRU'),
       ('ER', 'Eritrea', 'ኤርትራ', '291', 'AF', 'Asmara', 'ERN'),
       ('ES', 'Spain', 'España', '34', 'EU', 'Madrid', 'EUR'),
       ('ET', 'Ethiopia', 'ኢትዮጵያ', '251', 'AF', 'Addis Ababa', 'ETB'),
       ('FI', 'Finland', 'Suomi', '358', 'EU', 'Helsinki', 'EUR'),
       ('FJ', 'Fiji', 'Fiji', '679', 'OC', 'Suva', 'FJD'),
       ('FK', 'Falkland Islands', 'Falkland Islands', '500', 'SA', 'Stanley', 'FKP'),
       ('FM', 'Micronesia', 'Micronesia', '691', 'OC', 'Palikir', 'USD'),
       ('FO', 'Faroe Islands', 'Føroyar', '298', 'EU', 'Tórshavn', 'DKK'),
       ('FR', 'France', 'France', '33', 'EU', 'Paris', 'EUR'),
       ('GA', 'Gabon', 'Gabon', '241', 'AF', 'Libreville', 'XAF'),
       ('GB', 'United Kingdom', 'United Kingdom', '44', 'EU', 'London', 'GBP'),
       ('GD', 'Grenada', 'Grenada', '1473', 'NA', 'St. George''s', 'XCD'),
       ('GE', 'Georgia', 'საქართველო', '995', 'AS', 'Tbilisi', 'GEL'),
       ('GF', 'French Guiana', 'Guyane française', '594', 'SA', 'Cayenne', 'EUR'),
       ('GG', 'Guernsey', 'Guernsey', '44', 'EU', 'St. Peter Port', 'GBP'),
       ('GH', 'Ghana', 'Ghana', '233', 'AF', 'Accra', 'GHS'),
       ('GI', 'Gibraltar', 'Gibraltar', '350', 'EU', 'Gibraltar', 'GIP'),
       ('GL', 'Greenland', 'Kalaallit Nunaat', '299', 'NA', 'Nuuk', 'DKK'),
       ('GM', 'Gambia', 'Gambia', '220', 'AF', 'Banjul', 'GMD'),
       ('GN', 'Guinea', 'Guinée', '224', 'AF', 'Conakry', 'GNF'),
       ('GP', 'Guadeloupe', 'Guadeloupe', '590', 'NA', 'Basse-Terre', 'EUR'),
       ('GQ', 'Equatorial Guinea', 'Guinea Ecuatorial', '240', 'AF', 'Malabo', 'XAF'),
       ('GR', 'Greece', 'Ελλάδα', '30', 'EU', 'Athens', 'EUR'),
       ('GS', 'South Georgia and the South Sandwich Islands', 'South Georgia', '500', 'AN', 'King Edward Point', 'GBP'),
       ('GT', 'Guatemala', 'Guatemala', '502', 'NA', 'Guatemala City', 'GTQ'),
       ('GU', 'Guam', 'Guam', '1671', 'OC', 'Hagåtña', 'USD'),
       ('GW', 'Guinea-Bissau', 'Guiné-Bissau', '245', 'AF', 'Bissau', 'XOF'),
       ('GY', 'Guyana', 'Guyana', '592', 'SA', 'Georgetown', 'GYD'),
       ('HK', 'Hong Kong', '香港', '852', 'AS', 'City of Victoria', 'HKD'),
       ('HM', 'Heard Island and McDonald Islands', 'Heard Island and McDonald Islands', '61', 'AN', '', 'AUD'),
       ('HN', 'Honduras', 'Honduras', '504', 'NA', 'Tegucigalpa', 'HNL'),
       ('HR', 'Croatia', 'Hrvatska', '385', 'EU', 'Zagreb', 'HRK'),
       ('HT', 'Haiti', 'Haïti', '509', 'NA', 'Port-au-Prince', 'HTG,USD'),
       ('HU', 'Hungary', 'Magyarország', '36', 'EU', 'Budapest', 'HUF'),
       ('ID', 'Indonesia', 'Indonesia', '62', 'AS', 'Jakarta', 'IDR'),
       ('IE', 'Ireland', 'Éire', '353', 'EU', 'Dublin', 'EUR'),
       ('IL', 'Israel', 'יִשְׂרָאֵל', '972', 'AS', 'Jerusalem', 'ILS'),
       ('IM', 'Isle of Man', 'Isle of Man', '44', 'EU', 'Douglas', 'GBP'),
       ('IN', 'India', 'भारत', '91', 'AS', 'New Delhi', 'INR'),
       ('IO', 'British Indian Ocean Territory', 'British Indian Ocean Territory', '246', 'AS', 'Diego Garcia', 'USD'),
       ('IQ', 'Iraq', 'العراق', '964', 'AS', 'Baghdad', 'IQD'),
       ('IR', 'Iran', 'ایران', '98', 'AS', 'Tehran', 'IRR'),
       ('IS', 'Iceland', 'Ísland', '354', 'EU', 'Reykjavik', 'ISK'),
       ('IT', 'Italy', 'Italia', '39', 'EU', 'Rome', 'EUR'),
       ('JE', 'Jersey', 'Jersey', '44', 'EU', 'Saint Helier', 'GBP'),
       ('JM', 'Jamaica', 'Jamaica', '1876', 'NA', 'Kingston', 'JMD'),
       ('JO', 'Jordan', 'الأردن', '962', 'AS', 'Amman', 'JOD'),
       ('JP', 'Japan', '日本', '81', 'AS', 'Tokyo', 'JPY'),
       ('KE', 'Kenya', 'Kenya', '254', 'AF', 'Nairobi', 'KES'),
       ('KG', 'Kyrgyzstan', 'Кыргызстан', '996', 'AS', 'Bishkek', 'KGS'),
       ('KH', 'Cambodia', 'Kâmpŭchéa', '855', 'AS', 'Phnom Penh', 'KHR'),
       ('KI', 'Kiribati', 'Kiribati', '686', 'OC', 'South Tarawa', 'AUD'),
       ('KM', 'Comoros', 'Komori', '269', 'AF', 'Moroni', 'KMF'),
       ('KN', 'Saint Kitts and Nevis', 'Saint Kitts and Nevis', '1869', 'NA', 'Basseterre', 'XCD'),
       ('KP', 'North Korea', '북한', '850', 'AS', 'Pyongyang', 'KPW'),
       ('KR', 'South Korea', '대한민국', '82', 'AS', 'Seoul', 'KRW'),
       ('KW', 'Kuwait', 'الكويت', '965', 'AS', 'Kuwait City', 'KWD'),
       ('KY', 'Cayman Islands', 'Cayman Islands', '1345', 'NA', 'George Town', 'KYD'),
       ('KZ', 'Kazakhstan', 'Қазақстан', '76,77', 'AS', 'Astana', 'KZT'),
       ('LA', 'Laos', 'ສປປລາວ', '856', 'AS', 'Vientiane', 'LAK'),
       ('LB', 'Lebanon', 'لبنان', '961', 'AS', 'Beirut', 'LBP'),
       ('LC', 'Saint Lucia', 'Saint Lucia', '1758', 'NA', 'Castries', 'XCD'),
       ('LI', 'Liechtenstein', 'Liechtenstein', '423', 'EU', 'Vaduz', 'CHF'),
       ('LK', 'Sri Lanka', 'śrī laṃkāva', '94', 'AS', 'Colombo', 'LKR'),
       ('LR', 'Liberia', 'Liberia', '231', 'AF', 'Monrovia', 'LRD'),
       ('LS', 'Lesotho', 'Lesotho', '266', 'AF', 'Maseru', 'LSL,ZAR'),
       ('LT', 'Lithuania', 'Lietuva', '370', 'EU', 'Vilnius', 'EUR'),
       ('LU', 'Luxembourg', 'Luxembourg', '352', 'EU', 'Luxembourg', 'EUR'),
       ('LV', 'Latvia', 'Latvija', '371', 'EU', 'Riga', 'EUR'),
       ('LY', 'Libya', '‏ليبيا', '218', 'AF', 'Tripoli', 'LYD'),
       ('MA', 'Morocco', 'المغرب', '212', 'AF', 'Rabat', 'MAD'),
       ('MC', 'Monaco', 'Monaco', '377', 'EU', 'Monaco', 'EUR'),
       ('MD', 'Moldova', 'Moldova', '373', 'EU', 'Chișinău', 'MDL'),
       ('ME', 'Montenegro', 'Црна Гора', '382', 'EU', 'Podgorica', 'EUR'),
       ('MF', 'Saint Martin', 'Saint-Martin', '590', 'NA', 'Marigot', 'EUR'),
       ('MG', 'Madagascar', 'Madagasikara', '261', 'AF', 'Antananarivo', 'MGA'),
       ('MH', 'Marshall Islands', 'M̧ajeļ', '692', 'OC', 'Majuro', 'USD'),
       ('MK', 'North Macedonia', 'Северна Македонија', '389', 'EU', 'Skopje', 'MKD'),
       ('ML', 'Mali', 'Mali', '223', 'AF', 'Bamako', 'XOF'),
       ('MM', 'Myanmar [Burma]', 'မြန်မာ', '95', 'AS', 'Naypyidaw', 'MMK'),
       ('MN', 'Mongolia', 'Монгол улс', '976', 'AS', 'Ulan Bator', 'MNT'),
       ('MO', 'Macao', '澳門', '853', 'AS', '', 'MOP'),
       ('MP', 'Northern Mariana Islands', 'Northern Mariana Islands', '1670', 'OC', 'Saipan', 'USD'),
       ('MQ', 'Martinique', 'Martinique', '596', 'NA', 'Fort-de-France', 'EUR'),
       ('MR', 'Mauritania', 'موريتانيا', '222', 'AF', 'Nouakchott', 'MRU'),
       ('MS', 'Montserrat', 'Montserrat', '1664', 'NA', 'Plymouth', 'XCD'),
       ('MT', 'Malta', 'Malta', '356', 'EU', 'Valletta', 'EUR'),
       ('MU', 'Mauritius', 'Maurice', '230', 'AF', 'Port Louis', 'MUR'),
       ('MV', 'Maldives', 'Maldives', '960', 'AS', 'Malé', 'MVR'),
       ('MW', 'Malawi', 'Malawi', '265', 'AF', 'Lilongwe', 'MWK'),
       ('MX', 'Mexico', 'México', '52', 'NA', 'Mexico City', 'MXN'),
       ('MY', 'Malaysia', 'Malaysia', '60', 'AS', 'Kuala Lumpur', 'MYR'),
       ('MZ', 'Mozambique', 'Moçambique', '258', 'AF', 'Maputo', 'MZN'),
       ('NA', 'Namibia', 'Namibia', '264', 'AF', 'Windhoek', 'NAD,ZAR'),
       ('NC', 'New Caledonia', 'Nouvelle-Calédonie', '687', 'OC', 'Nouméa', 'XPF'),
       ('NE', 'Niger', 'Niger', '227', 'AF', 'Niamey', 'XOF'),
       ('NF', 'Norfolk Island', 'Norfolk Island', '672', 'OC', 'Kingston', 'AUD'),
       ('NG', 'Nigeria', 'Nigeria', '234', 'AF', 'Abuja', 'NGN'),
       ('NI', 'Nicaragua', 'Nicaragua', '505', 'NA', 'Managua', 'NIO'),
       ('NL', 'Netherlands', 'Nederland', '31', 'EU', 'Amsterdam', 'EUR'),
       ('NO', 'Norway', 'Norge', '47', 'EU', 'Oslo', 'NOK'),
       ('NP', 'Nepal', 'नपल', '977', 'AS', 'Kathmandu', 'NPR'),
       ('NR', 'Nauru', 'Nauru', '674', 'OC', 'Yaren', 'AUD'),
       ('NU', 'Niue', 'Niuē', '683', 'OC', 'Alofi', 'NZD'),
       ('NZ', 'New Zealand', 'New Zealand', '64', 'OC', 'Wellington', 'NZD'),
       ('OM', 'Oman', 'عمان', '968', 'AS', 'Muscat', 'OMR'),
       ('PA', 'Panama', 'Panamá', '507', 'NA', 'Panama City', 'PAB,USD'),
       ('PE', 'Peru', 'Perú', '51', 'SA', 'Lima', 'PEN'),
       ('PF', 'French Polynesia', 'Polynésie française', '689', 'OC', 'Papeetē', 'XPF'),
       ('PG', 'Papua New Guinea', 'Papua Niugini', '675', 'OC', 'Port Moresby', 'PGK'),
       ('PH', 'Philippines', 'Pilipinas', '63', 'AS', 'Manila', 'PHP'),
       ('PK', 'Pakistan', 'Pakistan', '92', 'AS', 'Islamabad', 'PKR'),
       ('PL', 'Poland', 'Polska', '48', 'EU', 'Warsaw', 'PLN'),
       ('PM', 'Saint Pierre and Miquelon', 'Saint-Pierre-et-Miquelon', '508', 'NA', 'Saint-Pierre', 'EUR'),
       ('PN', 'Pitcairn Islands', 'Pitcairn Islands', '64', 'OC', 'Adamstown', 'NZD'),
       ('PR', 'Puerto Rico', 'Puerto Rico', '1787,1939', 'NA', 'San Juan', 'USD'),
       ('PS', 'Palestine', 'فلسطين', '970', 'AS', 'Ramallah', 'ILS'),
       ('PT', 'Portugal', 'Portugal', '351', 'EU', 'Lisbon', 'EUR'),
       ('PW', 'Palau', 'Palau', '680', 'OC', 'Ngerulmud', 'USD'),
       ('PY', 'Paraguay', 'Paraguay', '595', 'SA', 'Asunción', 'PYG'),
       ('QA', 'Qatar', 'قطر', '974', 'AS', 'Doha', 'QAR'),
       ('RE', 'Réunion', 'La Réunion', '262', 'AF', 'Saint-Denis', 'EUR'),
       ('RO', 'Romania', 'România', '40', 'EU', 'Bucharest', 'RON'),
       ('RS', 'Serbia', 'Србија', '381', 'EU', 'Belgrade', 'RSD'),
       ('RU', 'Russia', 'Россия', '7', 'EU', 'Moscow', 'RUB'),
       ('RW', 'Rwanda', 'Rwanda', '250', 'AF', 'Kigali', 'RWF'),
       ('SA', 'Saudi Arabia', 'العربية السعودية', '966', 'AS', 'Riyadh', 'SAR'),
       ('SB', 'Solomon Islands', 'Solomon Islands', '677', 'OC', 'Honiara', 'SBD'),
       ('SC', 'Seychelles', 'Seychelles', '248', 'AF', 'Victoria', 'SCR'),
       ('SD', 'Sudan', 'السودان', '249', 'AF', 'Khartoum', 'SDG'),
       ('SE', 'Sweden', 'Sverige', '46', 'EU', 'Stockholm', 'SEK'),
       ('SG', 'Singapore', 'Singapore', '65', 'AS', 'Singapore', 'SGD'),
       ('SH', 'Saint Helena', 'Saint Helena', '290', 'AF', 'Jamestown', 'SHP'),
       ('SI', 'Slovenia', 'Slovenija', '386', 'EU', 'Ljubljana', 'EUR'),
       ('SJ', 'Svalbard and Jan Mayen', 'Svalbard og Jan Mayen', '4779', 'EU', 'Longyearbyen', 'NOK'),
       ('SK', 'Slovakia', 'Slovensko', '421', 'EU', 'Bratislava', 'EUR'),
       ('SL', 'Sierra Leone', 'Sierra Leone', '232', 'AF', 'Freetown', 'SLL'),
       ('SM', 'San Marino', 'San Marino', '378', 'EU', 'City of San Marino', 'EUR'),
       ('SN', 'Senegal', 'Sénégal', '221', 'AF', 'Dakar', 'XOF'),
       ('SO', 'Somalia', 'Soomaaliya', '252', 'AF', 'Mogadishu', 'SOS'),
       ('SR', 'Suriname', 'Suriname', '597', 'SA', 'Paramaribo', 'SRD'),
       ('SS', 'South Sudan', 'South Sudan', '211', 'AF', 'Juba', 'SSP'),
       ('ST', 'São Tomé and Príncipe', 'São Tomé e Príncipe', '239', 'AF', 'São Tomé', 'STN'),
       ('SV', 'El Salvador', 'El Salvador', '503', 'NA', 'San Salvador', 'SVC,USD'),
       ('SX', 'Sint Maarten', 'Sint Maarten', '1721', 'NA', 'Philipsburg', 'ANG'),
       ('SY', 'Syria', 'سوريا', '963', 'AS', 'Damascus', 'SYP'),
       ('SZ', 'Swaziland', 'Swaziland', '268', 'AF', 'Lobamba', 'SZL'),
       ('TC', 'Turks and Caicos Islands', 'Turks and Caicos Islands', '1649', 'NA', 'Cockburn Town', 'USD'),
       ('TD', 'Chad', 'Tchad', '235', 'AF', 'N''Djamena', 'XAF'),
       ('TF', 'French Southern Territories', 'Territoire des Terres australes et antarctiques fr', '262', 'AN', 'Port-aux-Français', 'EUR'),
       ('TG', 'Togo', 'Togo', '228', 'AF', 'Lomé', 'XOF'),
       ('TH', 'Thailand', 'ประเทศไทย', '66', 'AS', 'Bangkok', 'THB'),
       ('TJ', 'Tajikistan', 'Тоҷикистон', '992', 'AS', 'Dushanbe', 'TJS'),
       ('TK', 'Tokelau', 'Tokelau', '690', 'OC', 'Fakaofo', 'NZD'),
       ('TL', 'East Timor', 'Timor-Leste', '670', 'OC', 'Dili', 'USD'),
       ('TM', 'Turkmenistan', 'Türkmenistan', '993', 'AS', 'Ashgabat', 'TMT'),
       ('TN', 'Tunisia', 'تونس', '216', 'AF', 'Tunis', 'TND'),
       ('TO', 'Tonga', 'Tonga', '676', 'OC', 'Nuku''alofa', 'TOP'),
       ('TR', 'Turkey', 'Türkiye', '90', 'AS', 'Ankara', 'TRY'),
       ('TT', 'Trinidad and Tobago', 'Trinidad and Tobago', '1868', 'NA', 'Port of Spain', 'TTD'),
       ('TV', 'Tuvalu', 'Tuvalu', '688', 'OC', 'Funafuti', 'AUD'),
       ('TW', 'Taiwan', '臺灣', '886', 'AS', 'Taipei', 'TWD'),
       ('TZ', 'Tanzania', 'Tanzania', '255', 'AF', 'Dodoma', 'TZS'),
       ('UA', 'Ukraine', 'Україна', '380', 'EU', 'Kyiv', 'UAH'),
       ('UG', 'Uganda', 'Uganda', '256', 'AF', 'Kampala', 'UGX'),
       ('UM', 'U.S. Minor Outlying Islands', 'United States Minor Outlying Islands', '1', 'OC', '', 'USD'),
       ('US', 'United States', 'United States', '1', 'NA', 'Washington D.C.', 'USD,USN,USS'),
       ('UY', 'Uruguay', 'Uruguay', '598', 'SA', 'Montevideo', 'UYI,UYU'),
       ('UZ', 'Uzbekistan', 'O‘zbekiston', '998', 'AS', 'Tashkent', 'UZS'),
       ('VA', 'Vatican City', 'Vaticano', '39066,379', 'EU', 'Vatican City', 'EUR'),
       ('VC', 'Saint Vincent and the Grenadines', 'Saint Vincent and the Grenadines', '1784', 'NA', 'Kingstown', 'XCD'),
       ('VE', 'Venezuela', 'Venezuela', '58', 'SA', 'Caracas', 'VES'),
       ('VG', 'British Virgin Islands', 'British Virgin Islands', '1284', 'NA', 'Road Town', 'USD'),
       ('VI', 'U.S. Virgin Islands', 'United States Virgin Islands', '1340', 'NA', 'Charlotte Amalie', 'USD'),
       ('VN', 'Vietnam', 'Việt Nam', '84', 'AS', 'Hanoi', 'VND'),
       ('VU', 'Vanuatu', 'Vanuatu', '678', 'OC', 'Port Vila', 'VUV'),
       ('WF', 'Wallis and Futuna', 'Wallis et Futuna', '681', 'OC', 'Mata-Utu', 'XPF'),
       ('WS', 'Samoa', 'Samoa', '685', 'OC', 'Apia', 'WST'),
       ('XK', 'Kosovo', 'Republika e Kosovës', '377,381,383,386', 'EU', 'Pristina', 'EUR'),
       ('YE', 'Yemen', 'اليَمَن', '967', 'AS', 'Sanaa', 'YER'),
       ('YT', 'Mayotte', 'Mayotte', '262', 'AF', 'Mamoudzou', 'EUR'),
       ('ZA', 'South Africa', 'South Africa', '27', 'AF', 'Pretoria', 'ZAR'),
       ('ZM', 'Zambia', 'Zambia', '260', 'AF', 'Lusaka', 'ZMK'),
       ('ZW', 'Zimbabwe', 'Zimbabwe', '263', 'AF', 'Harare', 'USD,ZAR,BWP,GBP,AUD,CNY,INR,JPY');

INSERT INTO countries_languages (country_id, language_id)
VALUES ('AD', 'ca'),
       ('AE', 'ar'),
       ('AF', 'ps'),
       ('AF', 'uz'),
       ('AF', 'tk'),
       ('AG', 'en'),
       ('AI', 'en'),
       ('AL', 'sq'),
       ('AM', 'hy'),
       ('AM', 'ru'),
       ('AO', 'pt'),
       ('AR', 'es'),
       ('AR', 'gn'),
       ('AS', 'en'),
       ('AS', 'sm'),
       ('AT', 'de'),
       ('AU', 'en'),
       ('AW', 'nl'),
       ('AW', 'pa'),
       ('AX', 'sv'),
       ('AZ', 'az'),
       ('BA', 'bs'),
       ('BA', 'hr'),
       ('BA', 'sr'),
       ('BB', 'en'),
       ('BD', 'bn'),
       ('BE', 'nl'),
       ('BE', 'fr'),
       ('BE', 'de'),
       ('BF', 'fr'),
       ('BF', 'ff'),
       ('BG', 'bg'),
       ('BH', 'ar'),
       ('BI', 'fr'),
       ('BI', 'rn'),
       ('BJ', 'fr'),
       ('BL', 'fr'),
       ('BM', 'en'),
       ('BN', 'ms'),
       ('BO', 'es'),
       ('BO', 'ay'),
       ('BO', 'qu'),
       ('BQ', 'nl'),
       ('BR', 'pt'),
       ('BS', 'en'),
       ('BT', 'dz'),
       ('BV', 'no'),
       ('BV', 'nb'),
       ('BV', 'nn'),
       ('BW', 'en'),
       ('BW', 'tn'),
       ('BY', 'be'),
       ('BY', 'ru'),
       ('BZ', 'en'),
       ('BZ', 'es'),
       ('CA', 'en'),
       ('CA', 'fr'),
       ('CC', 'en'),
       ('CD', 'fr'),
       ('CD', 'ln'),
       ('CD', 'kg'),
       ('CD', 'sw'),
       ('CD', 'lu'),
       ('CF', 'fr'),
       ('CF', 'sg'),
       ('CG', 'fr'),
       ('CG', 'ln'),
       ('CH', 'de'),
       ('CH', 'fr'),
       ('CH', 'it'),
       ('CI', 'fr'),
       ('CK', 'en'),
       ('CL', 'es'),
       ('CM', 'en'),
       ('CM', 'fr'),
       ('CN', 'zh'),
       ('CO', 'es'),
       ('CR', 'es'),
       ('CU', 'es'),
       ('CV', 'pt'),
       ('CW', 'nl'),
       ('CW', 'pa'),
       ('CW', 'en'),
       ('CX', 'en'),
       ('CY', 'el'),
       ('CY', 'tr'),
       ('CY', 'hy'),
       ('CZ', 'cs'),
       ('CZ', 'sk'),
       ('DE', 'de'),
       ('DJ', 'fr'),
       ('DJ', 'ar'),
       ('DK', 'da'),
       ('DM', 'en'),
       ('DO', 'es'),
       ('DZ', 'ar'),
       ('EC', 'es'),
       ('EE', 'et'),
       ('EG', 'ar'),
       ('EH', 'es'),
       ('ER', 'ti'),
       ('ER', 'ar'),
       ('ER', 'en'),
       ('ES', 'es'),
       ('ES', 'eu'),
       ('ES', 'ca'),
       ('ES', 'gl'),
       ('ES', 'oc'),
       ('ET', 'am'),
       ('FI', 'fi'),
       ('FI', 'sv'),
       ('FJ', 'en'),
       ('FJ', 'fj'),
       ('FJ', 'hi'),
       ('FJ', 'ur'),
       ('FK', 'en'),
       ('FM', 'en'),
       ('FO', 'fo'),
       ('FR', 'fr'),
       ('GA', 'fr'),
       ('GB', 'en'),
       ('GD', 'en'),
       ('GE', 'ka'),
       ('GF', 'fr'),
       ('GG', 'en'),
       ('GG', 'fr'),
       ('GH', 'en'),
       ('GI', 'en'),
       ('GL', 'kl'),
       ('GM', 'en'),
       ('GN', 'fr'),
       ('GN', 'ff'),
       ('GP', 'fr'),
       ('GQ', 'es'),
       ('GQ', 'fr'),
       ('GR', 'el'),
       ('GS', 'en'),
       ('GT', 'es'),
       ('GU', 'en'),
       ('GU', 'ch'),
       ('GU', 'es'),
       ('GW', 'pt'),
       ('GY', 'en'),
       ('HK', 'zh'),
       ('HK', 'en'),
       ('HM', 'en'),
       ('HN', 'es'),
       ('HR', 'hr'),
       ('HT', 'fr'),
       ('HT', 'ht'),
       ('HU', 'hu'),
       ('ID', 'id'),
       ('IE', 'ga'),
       ('IE', 'en'),
       ('IL', 'he'),
       ('IL', 'ar'),
       ('IM', 'en'),
       ('IM', 'gv'),
       ('IN', 'hi'),
       ('IN', 'en'),
       ('IO', 'en'),
       ('IQ', 'ar'),
       ('IQ', 'ku'),
       ('IR', 'fa'),
       ('IS', 'is'),
       ('IT', 'it'),
       ('JE', 'en'),
       ('JE', 'fr'),
       ('JM', 'en'),
       ('JO', 'ar'),
       ('JP', 'ja'),
       ('KE', 'en'),
       ('KE', 'sw'),
       ('KG', 'ky'),
       ('KG', 'ru'),
       ('KH', 'km'),
       ('KI', 'en'),
       ('KM', 'ar'),
       ('KM', 'fr'),
       ('KN', 'en'),
       ('KP', 'ko'),
       ('KR', 'ko'),
       ('KW', 'ar'),
       ('KY', 'en'),
       ('KZ', 'kk'),
       ('KZ', 'ru'),
       ('LA', 'lo'),
       ('LB', 'ar'),
       ('LB', 'fr'),
       ('LC', 'en'),
       ('LI', 'de'),
       ('LK', 'si'),
       ('LK', 'ta'),
       ('LR', 'en'),
       ('LS', 'en'),
       ('LS', 'st'),
       ('LT', 'lt'),
       ('LU', 'fr'),
       ('LU', 'de'),
       ('LU', 'lb'),
       ('LV', 'lv'),
       ('LY', 'ar'),
       ('MA', 'ar'),
       ('MC', 'fr'),
       ('MD', 'ro'),
       ('ME', 'sr'),
       ('ME', 'bs'),
       ('ME', 'sq'),
       ('ME', 'hr'),
       ('MF', 'en'),
       ('MF', 'fr'),
       ('MF', 'nl'),
       ('MG', 'fr'),
       ('MG', 'mg'),
       ('MH', 'en'),
       ('MH', 'mh'),
       ('MK', 'mk'),
       ('ML', 'fr'),
       ('MM', 'my'),
       ('MN', 'mn'),
       ('MO', 'zh'),
       ('MO', 'pt'),
       ('MP', 'en'),
       ('MP', 'ch'),
       ('MQ', 'fr'),
       ('MR', 'ar'),
       ('MS', 'en'),
       ('MT', 'mt'),
       ('MT', 'en'),
       ('MU', 'en'),
       ('MV', 'dv'),
       ('MW', 'en'),
       ('MW', 'ny'),
       ('MX', 'es'),
       ('MY', 'ms'),
       ('MZ', 'pt'),
       ('NA', 'en'),
       ('NA', 'af'),
       ('NC', 'fr'),
       ('NE', 'fr'),
       ('NF', 'en'),
       ('NG', 'en'),
       ('NI', 'es'),
       ('NL', 'nl'),
       ('NO', 'no'),
       ('NO', 'nb'),
       ('NO', 'nn'),
       ('NP', 'ne'),
       ('NR', 'en'),
       ('NR', 'na'),
       ('NU', 'en'),
       ('NZ', 'en'),
       ('NZ', 'mi'),
       ('OM', 'ar'),
       ('PA', 'es'),
       ('PE', 'es'),
       ('PF', 'fr'),
       ('PG', 'en'),
       ('PH', 'en'),
       ('PK', 'en'),
       ('PK', 'ur'),
       ('PL', 'pl'),
       ('PM', 'fr'),
       ('PN', 'en'),
       ('PR', 'es'),
       ('PR', 'en'),
       ('PS', 'ar'),
       ('PT', 'pt'),
       ('PW', 'en'),
       ('PY', 'es'),
       ('PY', 'gn'),
       ('QA', 'ar'),
       ('RE', 'fr'),
       ('RO', 'ro'),
       ('RS', 'sr'),
       ('RU', 'ru'),
       ('RW', 'rw'),
       ('RW', 'en'),
       ('RW', 'fr'),
       ('SA', 'ar'),
       ('SB', 'en'),
       ('SC', 'fr'),
       ('SC', 'en'),
       ('SD', 'ar'),
       ('SD', 'en'),
       ('SE', 'sv'),
       ('SG', 'en'),
       ('SG', 'ms'),
       ('SG', 'ta'),
       ('SG', 'zh'),
       ('SH', 'en'),
       ('SI', 'sl'),
       ('SJ', 'no'),
       ('SK', 'sk'),
       ('SL', 'en'),
       ('SM', 'it'),
       ('SN', 'fr'),
       ('SO', 'so'),
       ('SO', 'ar'),
       ('SR', 'nl'),
       ('SS', 'en'),
       ('ST', 'pt'),
       ('SV', 'es'),
       ('SX', 'nl'),
       ('SX', 'en'),
       ('SY', 'ar'),
       ('SZ', 'en'),
       ('SZ', 'ss'),
       ('TC', 'en'),
       ('TD', 'fr'),
       ('TD', 'ar'),
       ('TF', 'fr'),
       ('TG', 'fr'),
       ('TH', 'th'),
       ('TJ', 'tg'),
       ('TJ', 'ru'),
       ('TK', 'en'),
       ('TL', 'pt'),
       ('TM', 'tk'),
       ('TM', 'ru'),
       ('TN', 'ar'),
       ('TO', 'en'),
       ('TO', 'to'),
       ('TR', 'tr'),
       ('TT', 'en'),
       ('TV', 'en'),
       ('TW', 'zh'),
       ('TZ', 'sw'),
       ('TZ', 'en'),
       ('UA', 'uk'),
       ('UG', 'en'),
       ('UG', 'sw'),
       ('UM', 'en'),
       ('US', 'en'),
       ('UY', 'es'),
       ('UZ', 'uz'),
       ('UZ', 'ru'),
       ('VA', 'it'),
       ('VA', 'la'),
       ('VC', 'en'),
       ('VE', 'es'),
       ('VG', 'en'),
       ('VI', 'en'),
       ('VN', 'vi'),
       ('VU', 'bi'),
       ('VU', 'en'),
       ('VU', 'fr'),
       ('WF', 'fr'),
       ('WS', 'sm'),
       ('WS', 'en'),
       ('XK', 'sq'),
       ('XK', 'sr'),
       ('YE', 'ar'),
       ('YT', 'fr'),
       ('ZA', 'af'),
       ('ZA', 'en'),
       ('ZA', 'nr'),
       ('ZA', 'st'),
       ('ZA', 'ss'),
       ('ZA', 'tn'),
       ('ZA', 'ts'),
       ('ZA', 've'),
       ('ZA', 'xh'),
       ('ZA', 'zu'),
       ('ZM', 'en'),
       ('ZW', 'en'),
       ('ZW', 'sn'),
       ('ZW', 'nd');
